<?xml version="1.0" encoding="UTF-8"?>
<root>
  <item name="com.example.billingmodule.skulist.row.SkuRowData SkuRowData(com.android.billingclient.api.SkuDetails, int, java.lang.String) 1">
    <annotation name="android.support.annotation.IntDef">
      <val name="value" val="{com.example.billingmodule.skulist.SkusAdapter.TYPE_HEADER, com.example.billingmodule.skulist.SkusAdapter.TYPE_NORMAL}" />
    </annotation>
  </item>
  <item name="com.example.billingmodule.skulist.row.SkuRowData int getRowType()">
    <annotation name="android.support.annotation.IntDef">
      <val name="value" val="{com.example.billingmodule.skulist.SkusAdapter.TYPE_HEADER, com.example.billingmodule.skulist.SkusAdapter.TYPE_NORMAL}" />
    </annotation>
  </item>
  <item name="com.example.billingmodule.skulist.row.SkuRowData type">
    <annotation name="android.support.annotation.IntDef">
      <val name="value" val="{com.example.billingmodule.skulist.SkusAdapter.TYPE_HEADER, com.example.billingmodule.skulist.SkusAdapter.TYPE_NORMAL}" />
    </annotation>
  </item>
  <item name="com.example.billingmodule.skulist.row.UiManager com.example.billingmodule.skulist.row.RowViewHolder onCreateViewHolder(android.view.ViewGroup, int) 1">
    <annotation name="android.support.annotation.IntDef">
      <val name="value" val="{com.example.billingmodule.skulist.SkusAdapter.TYPE_HEADER, com.example.billingmodule.skulist.SkusAdapter.TYPE_NORMAL}" />
    </annotation>
  </item>
</root>

