<?xml version="1.0" encoding="UTF-8"?>
<root>
  <item name="com.example.billingmodule.skulist.SkusAdapter com.example.billingmodule.skulist.row.RowViewHolder onCreateViewHolder(android.view.ViewGroup, int) 1">
    <annotation name="android.support.annotation.IntDef">
      <val name="value" val="{com.example.billingmodule.skulist.SkusAdapter.TYPE_HEADER, com.example.billingmodule.skulist.SkusAdapter.TYPE_NORMAL}" />
    </annotation>
  </item>
  <item name="com.example.billingmodule.skulist.SkusAdapter int getItemViewType(int)">
    <annotation name="android.support.annotation.IntDef">
      <val name="value" val="{com.example.billingmodule.skulist.SkusAdapter.TYPE_HEADER, com.example.billingmodule.skulist.SkusAdapter.TYPE_NORMAL}" />
    </annotation>
  </item>
  <item name="com.example.billingmodule.skulist.SkusAdapter.RowTypeDef">
    <annotation name="android.support.annotation.IntDef">
      <val name="value" val="{com.example.billingmodule.skulist.SkusAdapter.TYPE_HEADER, com.example.billingmodule.skulist.SkusAdapter.TYPE_NORMAL}" />
    </annotation>
  </item>
</root>

